[{"fields": {"clipboard": 1, "user": 1, "language": "ru"}, "model": "cms.usersettings", "pk": 1}, {"fields": {"slot": "clipboard", "default_width": null}, "model": "cms.placeholder", "pk": 1}, {"fields": {"slot": "top_phones", "default_width": null}, "model": "cms.placeholder", "pk": 2}, {"fields": {"slot": "top_phones", "default_width": null}, "model": "cms.placeholder", "pk": 3}, {"fields": {"slot": "bottom_data", "default_width": null}, "model": "cms.placeholder", "pk": 4}, {"fields": {"slot": "bottom_data", "default_width": null}, "model": "cms.placeholder", "pk": 5}, {"fields": {"slot": "base_content", "default_width": null}, "model": "cms.placeholder", "pk": 6}, {"fields": {"slot": "base_content", "default_width": null}, "model": "cms.placeholder", "pk": 7}, {"fields": {"slot": "base_content", "default_width": null}, "model": "cms.placeholder", "pk": 8}, {"fields": {"slot": "base_content", "default_width": null}, "model": "cms.placeholder", "pk": 9}, {"fields": {"slot": "base_content", "default_width": null}, "model": "cms.placeholder", "pk": 10}, {"fields": {"slot": "base_content", "default_width": null}, "model": "cms.placeholder", "pk": 11}, {"fields": {"slot": "base_content", "default_width": null}, "model": "cms.placeholder", "pk": 12}, {"fields": {"slot": "base_content", "default_width": null}, "model": "cms.placeholder", "pk": 13}, {"fields": {"slot": "base_content", "default_width": null}, "model": "cms.placeholder", "pk": 14}, {"fields": {"slot": "base_content", "default_width": null}, "model": "cms.placeholder", "pk": 15}, {"fields": {"slot": "base_content", "default_width": null}, "model": "cms.placeholder", "pk": 16}, {"fields": {"slot": "base_content", "default_width": null}, "model": "cms.placeholder", "pk": 17}, {"fields": {"slot": "contact_img", "default_width": null}, "model": "cms.placeholder", "pk": 18}, {"fields": {"slot": "contact_img", "default_width": null}, "model": "cms.placeholder", "pk": 19}, {"fields": {"slot": "contact_data", "default_width": null}, "model": "cms.placeholder", "pk": 20}, {"fields": {"slot": "contact_social", "default_width": null}, "model": "cms.placeholder", "pk": 21}, {"fields": {"slot": "contact_data", "default_width": null}, "model": "cms.placeholder", "pk": 22}, {"fields": {"slot": "contact_social", "default_width": null}, "model": "cms.placeholder", "pk": 23}, {"fields": {"slot": "base_content", "default_width": null}, "model": "cms.placeholder", "pk": 24}, {"fields": {"slot": "base_content", "default_width": null}, "model": "cms.placeholder", "pk": 25}, {"fields": {"rght": 2, "changed_date": "2015-01-29T21:34:00.819Z", "parent": null, "language": "ru", "level": 0, "creation_date": "2015-01-29T21:33:53.844Z", "lft": 1, "tree_id": 1, "position": 0, "placeholder": 2, "plugin_type": "TextPlugin"}, "model": "cms.cmsplugin", "pk": 1}, {"fields": {"rght": 2, "changed_date": "2015-01-29T21:34:04.360Z", "parent": null, "language": "ru", "level": 0, "creation_date": "2015-01-29T21:33:53.844Z", "lft": 1, "tree_id": 2, "position": 0, "placeholder": 3, "plugin_type": "TextPlugin"}, "model": "cms.cmsplugin", "pk": 2}, {"fields": {"rght": 2, "changed_date": "2015-01-29T21:35:06.301Z", "parent": null, "language": "ru", "level": 0, "creation_date": "2015-01-29T21:35:01.538Z", "lft": 1, "tree_id": 3, "position": 0, "placeholder": 4, "plugin_type": "TextPlugin"}, "model": "cms.cmsplugin", "pk": 3}, {"fields": {"rght": 2, "changed_date": "2015-01-29T21:39:09.467Z", "parent": null, "language": "ru", "level": 0, "creation_date": "2015-01-29T21:35:01.538Z", "lft": 1, "tree_id": 4, "position": 0, "placeholder": 5, "plugin_type": "TextPlugin"}, "model": "cms.cmsplugin", "pk": 4}, {"fields": {"rght": 2, "changed_date": "2015-02-01T11:09:26.800Z", "parent": null, "language": "ru", "level": 0, "creation_date": "2015-02-01T11:08:47.303Z", "lft": 1, "tree_id": 5, "position": 0, "placeholder": 18, "plugin_type": "PicturePlugin"}, "model": "cms.cmsplugin", "pk": 5}, {"fields": {"rght": 2, "changed_date": "2015-02-01T11:35:53.135Z", "parent": null, "language": "ru", "level": 0, "creation_date": "2015-02-01T11:35:42.384Z", "lft": 1, "tree_id": 7, "position": 0, "placeholder": 22, "plugin_type": "TextPlugin"}, "model": "cms.cmsplugin", "pk": 8}, {"fields": {"rght": 2, "changed_date": "2015-02-01T11:36:05.733Z", "parent": null, "language": "ru", "level": 0, "creation_date": "2015-02-01T11:35:58.223Z", "lft": 1, "tree_id": 8, "position": 0, "placeholder": 23, "plugin_type": "TextPlugin"}, "model": "cms.cmsplugin", "pk": 9}, {"fields": {"rght": 2, "changed_date": "2015-02-01T11:36:12.464Z", "parent": null, "language": "ru", "level": 0, "creation_date": "2015-02-01T11:08:47.303Z", "lft": 1, "tree_id": 9, "position": 0, "placeholder": 19, "plugin_type": "PicturePlugin"}, "model": "cms.cmsplugin", "pk": 10}, {"fields": {"rght": 2, "changed_date": "2015-02-01T11:36:12.491Z", "parent": null, "language": "ru", "level": 0, "creation_date": "2015-02-01T11:35:42.384Z", "lft": 1, "tree_id": 10, "position": 0, "placeholder": 20, "plugin_type": "TextPlugin"}, "model": "cms.cmsplugin", "pk": 11}, {"fields": {"rght": 2, "changed_date": "2015-02-01T11:36:12.520Z", "parent": null, "language": "ru", "level": 0, "creation_date": "2015-02-01T11:35:58.223Z", "lft": 1, "tree_id": 11, "position": 0, "placeholder": 21, "plugin_type": "TextPlugin"}, "model": "cms.cmsplugin", "pk": 12}, {"fields": {"rght": 2, "changed_date": "2015-02-01T11:49:25.892Z", "parent": null, "language": "ru", "level": 0, "creation_date": "2015-02-01T11:49:00.339Z", "lft": 1, "tree_id": 12, "position": 0, "placeholder": 7, "plugin_type": "TextPlugin"}, "model": "cms.cmsplugin", "pk": 13}, {"fields": {"rght": 2, "changed_date": "2015-02-01T13:31:53.541Z", "parent": null, "language": "ru", "level": 0, "creation_date": "2015-02-01T11:49:00.339Z", "lft": 1, "tree_id": 13, "position": 0, "placeholder": 8, "plugin_type": "TextPlugin"}, "model": "cms.cmsplugin", "pk": 15}, {"fields": {"rght": 2, "changed_date": "2015-02-01T13:39:31.422Z", "parent": null, "language": "ru", "level": 0, "creation_date": "2015-02-01T13:32:18.145Z", "lft": 1, "tree_id": 14, "position": 0, "placeholder": 24, "plugin_type": "TextPlugin"}, "model": "cms.cmsplugin", "pk": 16}, {"fields": {"rght": 2, "changed_date": "2015-02-01T13:39:34.050Z", "parent": null, "language": "ru", "level": 0, "creation_date": "2015-02-01T13:32:18.145Z", "lft": 1, "tree_id": 15, "position": 0, "placeholder": 25, "plugin_type": "TextPlugin"}, "model": "cms.cmsplugin", "pk": 18}, {"fields": {"rght": 2, "navigation_extenders": "", "site": 1, "application_namespace": null, "lft": 1, "in_navigation": true, "reverse_id": null, "login_required": false, "created_by": "yetti", "languages": "ru", "publication_end_date": null, "template": "default.html", "tree_id": 3, "placeholders": [7], "changed_date": "2015-02-01T13:31:53.580Z", "limit_visibility_in_menu": null, "parent": null, "soft_root": false, "is_home": false, "publication_date": "2015-01-29T20:56:11.192Z", "creation_date": "2015-01-29T20:56:11.096Z", "publisher_public": 2, "level": 0, "changed_by": "yetti", "application_urls": "", "publisher_is_draft": true, "xframe_options": 0, "revision_id": 0}, "model": "cms.page", "pk": 1}, {"fields": {"rght": 2, "navigation_extenders": "", "site": 1, "application_namespace": null, "lft": 1, "in_navigation": true, "reverse_id": null, "login_required": false, "created_by": "yetti", "languages": "ru", "publication_end_date": null, "template": "default.html", "tree_id": 4, "placeholders": [8], "changed_date": "2015-02-01T13:31:53.545Z", "limit_visibility_in_menu": null, "parent": null, "soft_root": false, "is_home": false, "publication_date": "2015-01-29T20:56:11.192Z", "creation_date": "2015-01-29T20:56:11.196Z", "publisher_public": 1, "level": 0, "changed_by": "yetti", "application_urls": "", "publisher_is_draft": false, "xframe_options": 0, "revision_id": 0}, "model": "cms.page", "pk": 2}, {"fields": {"rght": 2, "navigation_extenders": "SolutionMenu", "site": 1, "application_namespace": null, "lft": 1, "in_navigation": true, "reverse_id": null, "login_required": false, "created_by": "yetti", "languages": "ru", "publication_end_date": null, "template": "default.html", "tree_id": 5, "placeholders": [6], "changed_date": "2015-02-01T12:15:45.867Z", "limit_visibility_in_menu": null, "parent": null, "soft_root": false, "is_home": false, "publication_date": "2015-01-29T21:04:10.808Z", "creation_date": "2015-01-29T21:04:03.375Z", "publisher_public": 4, "level": 0, "changed_by": "yetti", "application_urls": "SolutionApphook", "publisher_is_draft": true, "xframe_options": 0, "revision_id": 0}, "model": "cms.page", "pk": 3}, {"fields": {"rght": 2, "navigation_extenders": "SolutionMenu", "site": 1, "application_namespace": null, "lft": 1, "in_navigation": true, "reverse_id": null, "login_required": false, "created_by": "yetti", "languages": "ru", "publication_end_date": null, "template": "default.html", "tree_id": 6, "placeholders": [9], "changed_date": "2015-02-01T12:15:45.840Z", "limit_visibility_in_menu": null, "parent": null, "soft_root": false, "is_home": false, "publication_date": "2015-01-29T21:04:10.808Z", "creation_date": "2015-01-29T21:04:10.814Z", "publisher_public": 3, "level": 0, "changed_by": "yetti", "application_urls": "SolutionApphook", "publisher_is_draft": false, "xframe_options": 0, "revision_id": 0}, "model": "cms.page", "pk": 4}, {"fields": {"rght": 2, "navigation_extenders": "CatalogMenu", "site": 1, "application_namespace": null, "lft": 1, "in_navigation": true, "reverse_id": null, "login_required": false, "created_by": "yetti", "languages": "ru", "publication_end_date": null, "template": "default.html", "tree_id": 7, "placeholders": [11], "changed_date": "2015-02-01T14:09:32.541Z", "limit_visibility_in_menu": null, "parent": null, "soft_root": false, "is_home": false, "publication_date": "2015-01-29T21:04:32.845Z", "creation_date": "2015-01-29T21:04:27.669Z", "publisher_public": 6, "level": 0, "changed_by": "yetti", "application_urls": "CatalogApphook", "publisher_is_draft": true, "xframe_options": 0, "revision_id": 0}, "model": "cms.page", "pk": 5}, {"fields": {"rght": 2, "navigation_extenders": "", "site": 1, "application_namespace": null, "lft": 1, "in_navigation": true, "reverse_id": null, "login_required": false, "created_by": "yetti", "languages": "ru", "publication_end_date": null, "template": "default.html", "tree_id": 8, "placeholders": [10], "changed_date": "2015-02-01T14:09:32.511Z", "limit_visibility_in_menu": null, "parent": null, "soft_root": false, "is_home": false, "publication_date": "2015-01-29T21:04:32.845Z", "creation_date": "2015-01-29T21:04:32.851Z", "publisher_public": 5, "level": 0, "changed_by": "yetti", "application_urls": "CatalogApphook", "publisher_is_draft": false, "xframe_options": 0, "revision_id": 0}, "model": "cms.page", "pk": 6}, {"fields": {"rght": 2, "navigation_extenders": "NewsMenu", "site": 1, "application_namespace": null, "lft": 1, "in_navigation": true, "reverse_id": "news", "login_required": false, "created_by": "yetti", "languages": "ru", "publication_end_date": null, "template": "default.html", "tree_id": 11, "placeholders": [15], "changed_date": "2015-02-01T13:37:16.204Z", "limit_visibility_in_menu": null, "parent": null, "soft_root": false, "is_home": false, "publication_date": "2015-01-29T21:04:55.707Z", "creation_date": "2015-01-29T21:04:48.318Z", "publisher_public": 8, "level": 0, "changed_by": "yetti", "application_urls": "NewsApphook", "publisher_is_draft": true, "xframe_options": 0, "revision_id": 0}, "model": "cms.page", "pk": 7}, {"fields": {"rght": 2, "navigation_extenders": "NewsMenu", "site": 1, "application_namespace": null, "lft": 1, "in_navigation": true, "reverse_id": "news", "login_required": false, "created_by": "yetti", "languages": "ru", "publication_end_date": null, "template": "default.html", "tree_id": 12, "placeholders": [14], "changed_date": "2015-02-01T13:37:16.178Z", "limit_visibility_in_menu": null, "parent": null, "soft_root": false, "is_home": false, "publication_date": "2015-01-29T21:04:55.707Z", "creation_date": "2015-01-29T21:04:55.713Z", "publisher_public": 7, "level": 0, "changed_by": "yetti", "application_urls": "NewsApphook", "publisher_is_draft": false, "xframe_options": 0, "revision_id": 0}, "model": "cms.page", "pk": 8}, {"fields": {"rght": 2, "navigation_extenders": "MaterialMenu", "site": 1, "application_namespace": null, "lft": 1, "in_navigation": true, "reverse_id": null, "login_required": false, "created_by": "yetti", "languages": "ru", "publication_end_date": null, "template": "default.html", "tree_id": 9, "placeholders": [13], "changed_date": "2015-02-01T13:21:46.946Z", "limit_visibility_in_menu": null, "parent": null, "soft_root": false, "is_home": false, "publication_date": "2015-01-29T21:05:28.492Z", "creation_date": "2015-01-29T21:05:07.199Z", "publisher_public": 12, "level": 0, "changed_by": "yetti", "application_urls": "MaterialApphook", "publisher_is_draft": true, "xframe_options": 0, "revision_id": 0}, "model": "cms.page", "pk": 9}, {"fields": {"rght": 2, "navigation_extenders": "", "site": 1, "application_namespace": null, "lft": 1, "in_navigation": true, "reverse_id": null, "login_required": false, "created_by": "yetti", "languages": "ru", "publication_end_date": null, "template": "contacts.html", "tree_id": 13, "placeholders": [17, 18, 22, 23], "changed_date": "2015-02-01T11:36:12.554Z", "limit_visibility_in_menu": null, "parent": null, "soft_root": false, "is_home": false, "publication_date": "2015-01-29T21:05:24.800Z", "creation_date": "2015-01-29T21:05:19.594Z", "publisher_public": 11, "level": 0, "changed_by": "yetti", "application_urls": "", "publisher_is_draft": true, "xframe_options": 0, "revision_id": 0}, "model": "cms.page", "pk": 10}, {"fields": {"rght": 2, "navigation_extenders": "", "site": 1, "application_namespace": null, "lft": 1, "in_navigation": true, "reverse_id": null, "login_required": false, "created_by": "yetti", "languages": "ru", "publication_end_date": null, "template": "contacts.html", "tree_id": 14, "placeholders": [16, 19, 20, 21], "changed_date": "2015-02-01T11:36:12.524Z", "limit_visibility_in_menu": null, "parent": null, "soft_root": false, "is_home": false, "publication_date": "2015-01-29T21:05:24.800Z", "creation_date": "2015-01-29T21:05:24.806Z", "publisher_public": 10, "level": 0, "changed_by": "yetti", "application_urls": "", "publisher_is_draft": false, "xframe_options": 0, "revision_id": 0}, "model": "cms.page", "pk": 11}, {"fields": {"rght": 2, "navigation_extenders": "MaterialMenu", "site": 1, "application_namespace": null, "lft": 1, "in_navigation": true, "reverse_id": null, "login_required": false, "created_by": "yetti", "languages": "ru", "publication_end_date": null, "template": "default.html", "tree_id": 10, "placeholders": [12], "changed_date": "2015-02-01T13:21:46.918Z", "limit_visibility_in_menu": null, "parent": null, "soft_root": false, "is_home": false, "publication_date": "2015-01-29T21:05:28.492Z", "creation_date": "2015-01-29T21:05:28.499Z", "publisher_public": 9, "level": 0, "changed_by": "yetti", "application_urls": "MaterialApphook", "publisher_is_draft": false, "xframe_options": 0, "revision_id": 0}, "model": "cms.page", "pk": 12}, {"fields": {"rght": 2, "navigation_extenders": null, "site": 1, "application_namespace": null, "lft": 1, "in_navigation": true, "reverse_id": null, "login_required": false, "created_by": "yetti", "languages": "ru", "publication_end_date": null, "template": "index.html", "tree_id": 1, "placeholders": [24], "changed_date": "2015-02-01T14:09:32.555Z", "limit_visibility_in_menu": null, "parent": null, "soft_root": false, "is_home": true, "publication_date": "2015-02-01T13:31:47.024Z", "creation_date": "2015-02-01T13:31:08.361Z", "publisher_public": 14, "level": 0, "changed_by": "yetti", "application_urls": null, "publisher_is_draft": true, "xframe_options": 0, "revision_id": 0}, "model": "cms.page", "pk": 13}, {"fields": {"rght": 2, "navigation_extenders": null, "site": 1, "application_namespace": null, "lft": 1, "in_navigation": true, "reverse_id": null, "login_required": false, "created_by": "yetti", "languages": "ru", "publication_end_date": null, "template": "index.html", "tree_id": 2, "placeholders": [25], "changed_date": "2015-02-01T14:09:32.525Z", "limit_visibility_in_menu": null, "parent": null, "soft_root": false, "is_home": true, "publication_date": "2015-02-01T13:31:47.024Z", "creation_date": "2015-02-01T13:31:47.029Z", "publisher_public": 13, "level": 0, "changed_by": "yetti", "application_urls": null, "publisher_is_draft": false, "xframe_options": 0, "revision_id": 0}, "model": "cms.page", "pk": 14}, {"fields": {"menu_title": "", "meta_description": "", "page_title": "", "language": "ru", "title": "\u041e \u043d\u0430\u0441", "has_url_overwrite": false, "redirect": "", "publisher_is_draft": true, "page": 1, "published": true, "path": "o-nas", "publisher_state": 0, "creation_date": "2015-01-29T20:56:11.168Z", "slug": "o-nas", "publisher_public": 2}, "model": "cms.title", "pk": 1}, {"fields": {"menu_title": "", "meta_description": "", "page_title": "", "language": "ru", "title": "\u041e \u043d\u0430\u0441", "has_url_overwrite": false, "redirect": "", "publisher_is_draft": false, "page": 2, "published": true, "path": "o-nas", "publisher_state": 1, "creation_date": "2015-01-29T20:56:11.168Z", "slug": "o-nas", "publisher_public": 1}, "model": "cms.title", "pk": 2}, {"fields": {"menu_title": "", "meta_description": "", "page_title": "", "language": "ru", "title": "\u0423\u0441\u043b\u0443\u0433\u0438", "has_url_overwrite": false, "redirect": "", "publisher_is_draft": true, "page": 3, "published": true, "path": "uslugi", "publisher_state": 0, "creation_date": "2015-01-29T21:04:03.399Z", "slug": "uslugi", "publisher_public": 4}, "model": "cms.title", "pk": 3}, {"fields": {"menu_title": "", "meta_description": "", "page_title": "", "language": "ru", "title": "\u0423\u0441\u043b\u0443\u0433\u0438", "has_url_overwrite": false, "redirect": "", "publisher_is_draft": false, "page": 4, "published": true, "path": "uslugi", "publisher_state": 0, "creation_date": "2015-01-29T21:04:03.399Z", "slug": "uslugi", "publisher_public": 3}, "model": "cms.title", "pk": 4}, {"fields": {"menu_title": "", "meta_description": "", "page_title": "", "language": "ru", "title": "\u041a\u0430\u0442\u0430\u043b\u043e\u0433", "has_url_overwrite": false, "redirect": "", "publisher_is_draft": true, "page": 5, "published": true, "path": "katalog", "publisher_state": 1, "creation_date": "2015-01-29T21:04:27.697Z", "slug": "katalog", "publisher_public": 6}, "model": "cms.title", "pk": 5}, {"fields": {"menu_title": "", "meta_description": "", "page_title": "", "language": "ru", "title": "\u041a\u0430\u0442\u0430\u043b\u043e\u0433", "has_url_overwrite": false, "redirect": "", "publisher_is_draft": false, "page": 6, "published": true, "path": "katalog", "publisher_state": 0, "creation_date": "2015-01-29T21:04:27.697Z", "slug": "katalog", "publisher_public": 5}, "model": "cms.title", "pk": 6}, {"fields": {"menu_title": "", "meta_description": "", "page_title": "", "language": "ru", "title": "\u041d\u043e\u0432\u043e\u0441\u0442\u0438", "has_url_overwrite": false, "redirect": "", "publisher_is_draft": true, "page": 7, "published": true, "path": "novosti", "publisher_state": 0, "creation_date": "2015-01-29T21:04:48.343Z", "slug": "novosti", "publisher_public": 8}, "model": "cms.title", "pk": 7}, {"fields": {"menu_title": "", "meta_description": "", "page_title": "", "language": "ru", "title": "\u041d\u043e\u0432\u043e\u0441\u0442\u0438", "has_url_overwrite": false, "redirect": "", "publisher_is_draft": false, "page": 8, "published": true, "path": "novosti", "publisher_state": 0, "creation_date": "2015-01-29T21:04:48.343Z", "slug": "novosti", "publisher_public": 7}, "model": "cms.title", "pk": 8}, {"fields": {"menu_title": "", "meta_description": "", "page_title": "", "language": "ru", "title": "\u0422\u043a\u0430\u043d\u0438", "has_url_overwrite": false, "redirect": "", "publisher_is_draft": true, "page": 9, "published": true, "path": "tkani", "publisher_state": 0, "creation_date": "2015-01-29T21:05:07.223Z", "slug": "tkani", "publisher_public": 12}, "model": "cms.title", "pk": 9}, {"fields": {"menu_title": "", "meta_description": "", "page_title": "", "language": "ru", "title": "\u041a\u043e\u043d\u0442\u0430\u043a\u0442\u044b", "has_url_overwrite": false, "redirect": "", "publisher_is_draft": true, "page": 10, "published": true, "path": "kontakty", "publisher_state": 0, "creation_date": "2015-01-29T21:05:19.620Z", "slug": "kontakty", "publisher_public": 11}, "model": "cms.title", "pk": 10}, {"fields": {"menu_title": "", "meta_description": "", "page_title": "", "language": "ru", "title": "\u041a\u043e\u043d\u0442\u0430\u043a\u0442\u044b", "has_url_overwrite": false, "redirect": "", "publisher_is_draft": false, "page": 11, "published": true, "path": "kontakty", "publisher_state": 1, "creation_date": "2015-01-29T21:05:19.620Z", "slug": "kontakty", "publisher_public": 10}, "model": "cms.title", "pk": 11}, {"fields": {"menu_title": "", "meta_description": "", "page_title": "", "language": "ru", "title": "\u0422\u043a\u0430\u043d\u0438", "has_url_overwrite": false, "redirect": "", "publisher_is_draft": false, "page": 12, "published": true, "path": "tkani", "publisher_state": 0, "creation_date": "2015-01-29T21:05:07.223Z", "slug": "tkani", "publisher_public": 9}, "model": "cms.title", "pk": 12}, {"fields": {"menu_title": "", "meta_description": "", "page_title": "", "language": "ru", "title": "\u0413\u043b\u0430\u0432\u043d\u0430\u044f", "has_url_overwrite": false, "redirect": null, "publisher_is_draft": true, "page": 13, "published": true, "path": "", "publisher_state": 0, "creation_date": "2015-02-01T13:31:08.390Z", "slug": "glavnaya", "publisher_public": 14}, "model": "cms.title", "pk": 13}, {"fields": {"menu_title": "", "meta_description": "", "page_title": "", "language": "ru", "title": "\u0413\u043b\u0430\u0432\u043d\u0430\u044f", "has_url_overwrite": false, "redirect": null, "publisher_is_draft": false, "page": 14, "published": true, "path": "", "publisher_state": 1, "creation_date": "2015-02-01T13:31:08.390Z", "slug": "glavnaya", "publisher_public": 13}, "model": "cms.title", "pk": 14}, {"fields": {"code": "top_phones", "name": "top_phones", "creation_method": "template", "site": null, "draft": 2, "dirty": false, "public": 3}, "model": "cms.staticplaceholder", "pk": 1}, {"fields": {"code": "bottom_data", "name": "bottom_data", "creation_method": "template", "site": null, "draft": 4, "dirty": false, "public": 5}, "model": "cms.staticplaceholder", "pk": 2}]